x-axis,1
second,Volt
-0.500000066047,-0.160804
-0.499500066047,-0.160804
-0.499000066047,-0.160804
-0.498500066047,-0.160804
-0.498000066047,-0.160804
-0.497500066047,-0.160804
-0.497000066047,-0.160804
-0.496500066047,-0.241206
-0.496000066047,-0.160804
-0.495500066047,-0.160804
-0.495000066047,-0.160804
-0.494500066047,-0.160804
-0.494000066047,-0.080402
-0.493500066047,-0.160804
-0.493000066047,-0.160804
-0.492500066047,-0.160804
-0.492000066047,-0.080402
-0.491500066047,-0.160804
-0.491000066047,-0.160804
-0.490500066047,-0.160804
-0.490000066047,-0.160804
-0.489500066047,-0.160804
-0.489000066047,-0.160804
-0.488500066047,-0.160804
-0.488000066047,-0.160804
-0.487500066047,-0.160804
-0.487000066047,-0.160804
-0.486500066047,-0.160804
-0.486000066047,-0.160804
-0.485500066047,-0.241206
-0.485000066047,-0.160804
-0.484500066047,-0.160804
-0.484000066047,-0.160804
-0.483500066047,-0.160804
-0.483000066047,-0.241206
-0.482500066047,-0.160804
-0.482000066047,-0.080402
-0.481500066047,-0.241206
-0.481000066047,-0.160804
-0.480500066047,-0.160804
-0.480000066047,-0.160804
-0.479500066047,-0.080402
-0.479000066047,-0.160804
-0.478500066047,-0.160804
-0.478000066047,-0.160804
-0.477500066047,-0.160804
-0.477000066047,-0.160804
-0.476500066047,-0.160804
-0.476000066047,-0.160804
-0.475500066047,-0.160804
-0.475000066047,-0.160804
-0.474500066047,-0.160804
-0.474000066047,-0.160804
-0.473500066047,-0.080402
-0.473000066047,-0.160804
-0.472500066047,-0.080402
-0.472000066047,-0.241206
-0.471500066047,-0.160804
-0.471000066047,-0.160804
-0.470500066047,-0.160804
-0.470000066047,-0.160804
-0.469500066047,-0.160804
-0.469000066047,-0.160804
-0.468500066047,-0.160804
-0.468000066047,-0.160804
-0.467500066047,-0.160804
-0.467000066047,-0.080402
-0.466500066047,-0.160804
-0.466000066047,-0.160804
-0.465500066047,-0.160804
-0.465000066047,-0.160804
-0.464500066047,-0.160804
-0.464000066047,-0.160804
-0.463500066047,-0.160804
-0.463000066047,-0.160804
-0.462500066047,-0.160804
-0.462000066047,-0.160804
-0.461500066047,-0.160804
-0.461000066047,-0.160804
-0.460500066047,-0.160804
-0.460000066047,-0.160804
-0.459500066047,-0.160804
-0.459000066047,-0.160804
-0.458500066047,-0.160804
-0.458000066047,-0.160804
-0.457500066047,-0.160804
-0.457000066047,-0.080402
-0.456500066047,-0.241206
-0.456000066047,-0.160804
-0.455500066047,-0.160804
-0.455000066047,-0.160804
-0.454500066047,-0.160804
-0.454000066047,-0.160804
-0.453500066047,-0.160804
-0.453000066047,-0.160804
-0.452500066047,-0.160804
-0.452000066047,-0.160804
-0.451500066047,-0.241206
-0.451000066047,-0.160804
-0.450500066047,-0.160804
-0.450000066047,-0.160804
-0.449500066047,-0.160804
-0.449000066047,-0.160804
-0.448500066047,-0.080402
-0.448000066047,-0.160804
-0.447500066047,-0.160804
-0.447000066047,-0.160804
-0.446500066047,-0.160804
-0.446000066047,-0.160804
-0.445500066047,-0.160804
-0.445000066047,-0.160804
-0.444500066047,-0.160804
-0.444000066047,-0.160804
-0.443500066047,-0.160804
-0.443000066047,-0.160804
-0.442500066047,-0.160804
-0.442000066047,-0.160804
-0.441500066047,-0.080402
-0.441000066047,-0.160804
-0.440500066047,-0.160804
-0.440000066047,-0.080402
-0.439500066047,-0.160804
-0.439000066047,-0.160804
-0.438500066047,-0.160804
-0.438000066047,-0.160804
-0.437500066047,-0.160804
-0.437000066047,-0.160804
-0.436500066047,-0.160804
-0.436000066047,-0.160804
-0.435500066047,-0.160804
-0.435000066047,-0.160804
-0.434500066047,-0.080402
-0.434000066047,-0.160804
-0.433500066047,-0.160804
-0.433000066047,-0.160804
-0.432500066047,-0.160804
-0.432000066047,-0.241206
-0.431500066047,-0.160804
-0.431000066047,-0.160804
-0.430500066047,-0.160804
-0.430000066047,-0.160804
-0.429500066047,-0.160804
-0.429000066047,-0.160804
-0.428500066047,-0.160804
-0.428000066047,-0.160804
-0.427500066047,-0.160804
-0.427000066047,-0.160804
-0.426500066047,-0.160804
-0.426000066047,-0.160804
-0.425500066047,-0.160804
-0.425000066047,-0.160804
-0.424500066047,-0.160804
-0.424000066047,-0.160804
-0.423500066047,-0.160804
-0.423000066047,-0.160804
-0.422500066047,-0.160804
-0.422000066047,-0.241206
-0.421500066047,-0.160804
-0.421000066047,-0.160804
-0.420500066047,-0.241206
-0.420000066047,-0.160804
-0.419500066047,-0.160804
-0.419000066047,-0.160804
-0.418500066047,-0.160804
-0.418000066047,-0.160804
-0.417500066047,-0.160804
-0.417000066047,-0.160804
-0.416500066047,-0.241206
-0.416000066047,-0.160804
-0.415500066047,-0.160804
-0.415000066047,-0.160804
-0.414500066047,-0.160804
-0.414000066047,-0.160804
-0.413500066047,-0.160804
-0.413000066047,-0.160804
-0.412500066047,-0.160804
-0.412000066047,-0.160804
-0.411500066047,-0.160804
-0.411000066047,-0.160804
-0.410500066047,-0.160804
-0.410000066047,-0.160804
-0.409500066047,-0.160804
-0.409000066047,-0.160804
-0.408500066047,-0.160804
-0.408000066047,-0.160804
-0.407500066047,-0.160804
-0.407000066047,-0.160804
-0.406500066047,-0.160804
-0.406000066047,-0.160804
-0.405500066047,-0.160804
-0.405000066047,-0.160804
-0.404500066047,-0.160804
-0.404000066047,-0.160804
-0.403500066047,-0.160804
-0.403000066047,-0.160804
-0.402500066047,-0.160804
-0.402000066047,-0.160804
-0.401500066047,-0.160804
-0.401000066047,-0.160804
-0.400500066047,-0.160804
-0.400000066047,-0.160804
-0.399500066047,-0.160804
-0.399000066047,-0.160804
-0.398500066047,-0.080402
-0.398000066047,-0.160804
-0.397500066047,-0.160804
-0.397000066047,-0.160804
-0.396500066047,-0.160804
-0.396000066047,-0.160804
-0.395500066047,-0.160804
-0.395000066047,-0.160804
-0.394500066047,-0.160804
-0.394000066047,-0.160804
-0.393500066047,-0.080402
-0.393000066047,-0.160804
-0.392500066047,-0.160804
-0.392000066047,-0.160804
-0.391500066047,-0.160804
-0.391000066047,-0.160804
-0.390500066047,-0.160804
-0.390000066047,-0.241206
-0.389500066047,-0.241206
-0.389000066047,-0.160804
-0.388500066047,-0.160804
-0.388000066047,-0.160804
-0.387500066047,-0.080402
-0.387000066047,-0.160804
-0.386500066047,-0.160804
-0.386000066047,-0.160804
-0.385500066047,-0.160804
-0.385000066047,-0.160804
-0.384500066047,-0.160804
-0.384000066047,-0.160804
-0.383500066047,-0.241206
-0.383000066047,-0.160804
-0.382500066047,-0.160804
-0.382000066047,-0.160804
-0.381500066047,-0.160804
-0.381000066047,-0.160804
-0.380500066047,-0.241206
-0.380000066047,-0.160804
-0.379500066047,-0.160804
-0.379000066047,-0.160804
-0.378500066047,-0.160804
-0.378000066047,-0.160804
-0.377500066047,-0.160804
-0.377000066047,-0.241206
-0.376500066047,-0.080402
-0.376000066047,-0.160804
-0.375500066047,-0.160804
-0.375000066047,-0.160804
-0.374500066047,-0.160804
-0.374000066047,-0.160804
-0.373500066047,-0.160804
-0.373000066047,-0.160804
-0.372500066047,-0.160804
-0.372000066047,-0.160804
-0.371500066047,-0.160804
-0.371000066047,-0.160804
-0.370500066047,-0.160804
-0.370000066047,-0.160804
-0.369500066047,-0.160804
-0.369000066047,-0.080402
-0.368500066047,-0.160804
-0.368000066047,-0.160804
-0.367500066047,-0.160804
-0.367000066047,-0.160804
-0.366500066047,-0.160804
-0.366000066047,-0.160804
-0.365500066047,-0.160804
-0.365000066047,-0.160804
-0.364500066047,-0.160804
-0.364000066047,-0.160804
-0.363500066047,-0.160804
-0.363000066047,-0.160804
-0.362500066047,-0.160804
-0.362000066047,-0.160804
-0.361500066047,-0.160804
-0.361000066047,-0.160804
-0.360500066047,-0.160804
-0.360000066047,-0.160804
-0.359500066047,-0.160804
-0.359000066047,-0.160804
-0.358500066047,-0.160804
-0.358000066047,-0.160804
-0.357500066047,-0.160804
-0.357000066047,-0.160804
-0.356500066047,-0.160804
-0.356000066047,-0.160804
-0.355500066047,-0.160804
-0.355000066047,-0.160804
-0.354500066047,-0.160804
-0.354000066047,-0.241206
-0.353500066047,-0.160804
-0.353000066047,-0.160804
-0.352500066047,-0.160804
-0.352000066047,-0.160804
-0.351500066047,-0.160804
-0.351000066047,-0.160804
-0.350500066047,-0.160804
-0.350000066047,-0.160804
-0.349500066047,-0.160804
-0.349000066047,-0.160804
-0.348500066047,-0.160804
-0.348000066047,-0.160804
-0.347500066047,-0.160804
-0.347000066047,-0.160804
-0.346500066047,-0.160804
-0.346000066047,-0.160804
-0.345500066047,-0.241206
-0.345000066047,-0.160804
-0.344500066047,-0.241206
-0.344000066047,-0.160804
-0.343500066047,-0.160804
-0.343000066047,-0.160804
-0.342500066047,-0.160804
-0.342000066047,-0.160804
-0.341500066047,-0.160804
-0.341000066047,-0.160804
-0.340500066047,-0.160804
-0.340000066047,-0.160804
-0.339500066047,-0.160804
-0.339000066047,-0.160804
-0.338500066047,-0.241206
-0.338000066047,-0.241206
-0.337500066047,-0.160804
-0.337000066047,-0.241206
-0.336500066047,-0.160804
-0.336000066047,-0.160804
-0.335500066047,-0.160804
-0.335000066047,-0.160804
-0.334500066047,-0.160804
-0.334000066047,-0.160804
-0.333500066047,-0.160804
-0.333000066047,-0.160804
-0.332500066047,-0.160804
-0.332000066047,-0.160804
-0.331500066047,-0.160804
-0.331000066047,-0.160804
-0.330500066047,-0.160804
-0.330000066047,-0.160804
-0.329500066047,-0.160804
-0.329000066047,-0.160804
-0.328500066047,-0.160804
-0.328000066047,-0.160804
-0.327500066047,-0.160804
-0.327000066047,-0.241206
-0.326500066047,-0.160804
-0.326000066047,-0.160804
-0.325500066047,-0.160804
-0.325000066047,-0.160804
-0.324500066047,-0.160804
-0.324000066047,-0.160804
-0.323500066047,-0.160804
-0.323000066047,-0.160804
-0.322500066047,-0.160804
-0.322000066047,-0.160804
-0.321500066047,-0.160804
-0.321000066047,-0.160804
-0.320500066047,-0.160804
-0.320000066047,-0.160804
-0.319500066047,-0.160804
-0.319000066047,-0.241206
-0.318500066047,-0.160804
-0.318000066047,-0.160804
-0.317500066047,-0.160804
-0.317000066047,-0.160804
-0.316500066047,-0.160804
-0.316000066047,-0.160804
-0.315500066047,-0.160804
-0.315000066047,-0.160804
-0.314500066047,-0.160804
-0.314000066047,-0.160804
-0.313500066047,-0.160804
-0.313000066047,-0.160804
-0.312500066047,-0.160804
-0.312000066047,-0.160804
-0.311500066047,-0.160804
-0.311000066047,-0.080402
-0.310500066047,-0.160804
-0.310000066047,-0.160804
-0.309500066047,-0.160804
-0.309000066047,-0.241206
-0.308500066047,-0.160804
-0.308000066047,-0.160804
-0.307500066047,-0.241206
-0.307000066047,-0.160804
-0.306500066047,-0.160804
-0.306000066047,-0.160804
-0.305500066047,-0.160804
-0.305000066047,-0.160804
-0.304500066047,-0.160804
-0.304000066047,-0.160804
-0.303500066047,-0.160804
-0.303000066047,-0.160804
-0.302500066047,-0.160804
-0.302000066047,-0.160804
-0.301500066047,-0.160804
-0.301000066047,-0.160804
-0.300500066047,-0.160804
-0.300000066047,-0.080402
-0.299500066047,-0.160804
-0.299000066047,-0.160804
-0.298500066047,-0.160804
-0.298000066047,-0.160804
-0.297500066047,-0.160804
-0.297000066047,-0.241206
-0.296500066047,-0.160804
-0.296000066047,-0.160804
-0.295500066047,-0.160804
-0.295000066047,-0.160804
-0.294500066047,-0.160804
-0.294000066047,-0.160804
-0.293500066047,-0.160804
-0.293000066047,-0.160804
-0.292500066047,-0.160804
-0.292000066047,-0.160804
-0.291500066047,-0.160804
-0.291000066047,-0.160804
-0.290500066047,-0.160804
-0.290000066047,-0.160804
-0.289500066047,-0.160804
-0.289000066047,-0.160804
-0.288500066047,-0.160804
-0.288000066047,-0.160804
-0.287500066047,-0.241206
-0.287000066047,-0.160804
-0.286500066047,-0.160804
-0.286000066047,-0.160804
-0.285500066047,-0.160804
-0.285000066047,-0.160804
-0.284500066047,-0.160804
-0.284000066047,-0.160804
-0.283500066047,-0.160804
-0.283000066047,-0.160804
-0.282500066047,-0.160804
-0.282000066047,-0.160804
-0.281500066047,-0.160804
-0.281000066047,-0.160804
-0.280500066047,-0.160804
-0.280000066047,-0.160804
-0.279500066047,-0.160804
-0.279000066047,-0.160804
-0.278500066047,-0.160804
-0.278000066047,-0.160804
-0.277500066047,-0.160804
-0.277000066047,-0.160804
-0.276500066047,-0.160804
-0.276000066047,-0.160804
-0.275500066047,-0.160804
-0.275000066047,-0.160804
-0.274500066047,-0.160804
-0.274000066047,-0.160804
-0.273500066047,-0.160804
-0.273000066047,-0.160804
-0.272500066047,-0.160804
-0.272000066047,-0.160804
-0.271500066047,-0.160804
-0.271000066047,-0.160804
-0.270500066047,-0.160804
-0.270000066047,-0.160804
-0.269500066047,-0.160804
-0.269000066047,-0.160804
-0.268500066047,-0.160804
-0.268000066047,-0.160804
-0.267500066047,-0.160804
-0.267000066047,-0.241206
-0.266500066047,-0.160804
-0.266000066047,-0.160804
-0.265500066047,-0.241206
-0.265000066047,-0.160804
-0.264500066047,-0.241206
-0.264000066047,-0.160804
-0.263500066047,-0.160804
-0.263000066047,-0.160804
-0.262500066047,-0.160804
-0.262000066047,-0.160804
-0.261500066047,-0.160804
-0.261000066047,-0.160804
-0.260500066047,-0.160804
-0.260000066047,-0.160804
-0.259500066047,-0.160804
-0.259000066047,-0.241206
-0.258500066047,-0.160804
-0.258000066047,-0.160804
-0.257500066047,-0.160804
-0.257000066047,-0.160804
-0.256500066047,-0.241206
-0.256000066047,-0.160804
-0.255500066047,-0.160804
-0.255000066047,-0.160804
-0.254500066047,-0.160804
-0.254000066047,-0.160804
-0.253500066047,-0.241206
-0.253000066047,-0.241206
-0.252500066047,-0.160804
-0.252000066047,-0.160804
-0.251500066047,-0.160804
-0.251000066047,-0.160804
-0.250500066047,-0.160804
-0.250000066047,-0.160804
-0.249500066047,-0.160804
-0.249000066047,-0.160804
-0.248500066047,-0.160804
-0.248000066047,-0.160804
-0.247500066047,-0.160804
-0.247000066047,-0.160804
-0.246500066047,-0.160804
-0.246000066047,-0.160804
-0.245500066047,-0.160804
-0.245000066047,-0.160804
-0.244500066047,-0.160804
-0.244000066047,-0.160804
-0.243500066047,-0.160804
-0.243000066047,-0.160804
-0.242500066047,-0.160804
-0.242000066047,-0.160804
-0.241500066047,-0.160804
-0.241000066047,-0.160804
-0.240500066047,-0.160804
-0.240000066047,-0.160804
-0.239500066047,-0.160804
-0.239000066047,-0.160804
-0.238500066047,-0.160804
-0.238000066047,-0.160804
-0.237500066047,-0.160804
-0.237000066047,-0.160804
-0.236500066047,-0.160804
-0.236000066047,-0.160804
-0.235500066047,-0.160804
-0.235000066047,-0.160804
-0.234500066047,-0.160804
-0.234000066047,-0.241206
-0.233500066047,-0.160804
-0.233000066047,-0.160804
-0.232500066047,-0.160804
-0.232000066047,-0.241206
-0.231500066047,-0.160804
-0.231000066047,-0.160804
-0.230500066047,-0.160804
-0.230000066047,-0.160804
-0.229500066047,-0.160804
-0.229000066047,-0.160804
-0.228500066047,-0.160804
-0.228000066047,-0.160804
-0.227500066047,-0.160804
-0.227000066047,-0.160804
-0.226500066047,-0.080402
-0.226000066047,-0.160804
-0.225500066047,-0.160804
-0.225000066047,-0.160804
-0.224500066047,-0.160804
-0.224000066047,-0.160804
-0.223500066047,-0.160804
-0.223000066047,-0.160804
-0.222500066047,-0.160804
-0.222000066047,-0.160804
-0.221500066047,-0.160804
-0.221000066047,-0.160804
-0.220500066047,-0.160804
-0.220000066047,-0.160804
-0.219500066047,-0.160804
-0.219000066047,-0.160804
-0.218500066047,-0.160804
-0.218000066047,-0.160804
-0.217500066047,-0.160804
-0.217000066047,-0.160804
-0.216500066047,-0.160804
-0.216000066047,-0.160804
-0.215500066047,-0.160804
-0.215000066047,-0.160804
-0.214500066047,-0.241206
-0.214000066047,-0.160804
-0.213500066047,-0.160804
-0.213000066047,-0.160804
-0.212500066047,-0.160804
-0.212000066047,-0.160804
-0.211500066047,-0.241206
-0.211000066047,-0.160804
-0.210500066047,-0.160804
-0.210000066047,-0.160804
-0.209500066047,-0.160804
-0.209000066047,-0.160804
-0.208500066047,-0.160804
-0.208000066047,-0.160804
-0.207500066047,-0.160804
-0.207000066047,-0.160804
-0.206500066047,-0.160804
-0.206000066047,-0.160804
-0.205500066047,-0.160804
-0.205000066047,-0.160804
-0.204500066047,-0.160804
-0.204000066047,-0.160804
-0.203500066047,-0.160804
-0.203000066047,-0.160804
-0.202500066047,-0.160804
-0.202000066047,-0.160804
-0.201500066047,-0.160804
-0.201000066047,-0.160804
-0.200500066047,-0.160804
-0.200000066047,-0.160804
-0.199500066047,-0.160804
-0.199000066047,-0.160804
-0.198500066047,-0.160804
-0.198000066047,-0.241206
-0.197500066047,-0.160804
-0.197000066047,-0.160804
-0.196500066047,-0.160804
-0.196000066047,-0.160804
-0.195500066047,-0.160804
-0.195000066047,-0.160804
-0.194500066047,-0.160804
-0.194000066047,-0.160804
-0.193500066047,-0.241206
-0.193000066047,-0.241206
-0.192500066047,-0.160804
-0.192000066047,-0.160804
-0.191500066047,-0.160804
-0.191000066047,-0.160804
-0.190500066047,-0.160804
-0.190000066047,-0.160804
-0.189500066047,-0.241206
-0.189000066047,-0.160804
-0.188500066047,-0.160804
-0.188000066047,-0.160804
-0.187500066047,-0.160804
-0.187000066047,-0.160804
-0.186500066047,-0.160804
-0.186000066047,-0.160804
-0.185500066047,-0.241206
-0.185000066047,-0.160804
-0.184500066047,-0.241206
-0.184000066047,-0.160804
-0.183500066047,-0.160804
-0.183000066047,-0.241206
-0.182500066047,-0.160804
-0.182000066047,-0.160804
-0.181500066047,-0.160804
-0.181000066047,-0.160804
-0.180500066047,-0.160804
-0.180000066047,-0.160804
-0.179500066047,-0.160804
-0.179000066047,-0.241206
-0.178500066047,-0.160804
-0.178000066047,-0.160804
-0.177500066047,-0.160804
-0.177000066047,-0.160804
-0.176500066047,-0.160804
-0.176000066047,-0.160804
-0.175500066047,-0.241206
-0.175000066047,-0.160804
-0.174500066047,-0.241206
-0.174000066047,-0.160804
-0.173500066047,-0.160804
-0.173000066047,-0.160804
-0.172500066047,-0.160804
-0.172000066047,-0.160804
-0.171500066047,-0.160804
-0.171000066047,-0.160804
-0.170500066047,-0.160804
-0.170000066047,-0.241206
-0.169500066047,-0.160804
-0.169000066047,-0.160804
-0.168500066047,-0.160804
-0.168000066047,-0.160804
-0.167500066047,-0.241206
-0.167000066047,-0.160804
-0.166500066047,-0.160804
-0.166000066047,-0.241206
-0.165500066047,-0.160804
-0.165000066047,-0.160804
-0.164500066047,-0.241206
-0.164000066047,-0.160804
-0.163500066047,-0.241206
-0.163000066047,-0.160804
-0.162500066047,-0.160804
-0.162000066047,-0.160804
-0.161500066047,-0.160804
-0.161000066047,-0.160804
-0.160500066047,-0.160804
-0.160000066047,-0.160804
-0.159500066047,-0.160804
-0.159000066047,-0.160804
-0.158500066047,-0.160804
-0.158000066047,-0.160804
-0.157500066047,-0.160804
-0.157000066047,-0.241206
-0.156500066047,-0.241206
-0.156000066047,-0.160804
-0.155500066047,-0.160804
-0.155000066047,-0.160804
-0.154500066047,-0.160804
-0.154000066047,-0.241206
-0.153500066047,-0.160804
-0.153000066047,-0.241206
-0.152500066047,-0.160804
-0.152000066047,-0.160804
-0.151500066047,-0.160804
-0.151000066047,-0.241206
-0.150500066047,-0.160804
-0.150000066047,-0.160804
-0.149500066047,-0.160804
-0.149000066047,-0.241206
-0.148500066047,-0.160804
-0.148000066047,-0.241206
-0.147500066047,-0.160804
-0.147000066047,-0.241206
-0.146500066047,-0.160804
-0.146000066047,-0.160804
-0.145500066047,-0.160804
-0.145000066047,-0.160804
-0.144500066047,-0.241206
-0.144000066047,-0.160804
-0.143500066047,-0.160804
-0.143000066047,-0.160804
-0.142500066047,-0.160804
-0.142000066047,-0.160804
-0.141500066047,-0.160804
-0.141000066047,-0.241206
-0.140500066047,-0.160804
-0.140000066047,-0.241206
-0.139500066047,-0.241206
-0.139000066047,-0.160804
-0.138500066047,-0.160804
-0.138000066047,-0.241206
-0.137500066047,-0.160804
-0.137000066047,-0.160804
-0.136500066047,-0.241206
-0.136000066047,-0.241206
-0.135500066047,-0.241206
-0.135000066047,-0.160804
-0.134500066047,-0.160804
-0.134000066047,-0.160804
-0.133500066047,-0.160804
-0.133000066047,-0.160804
-0.132500066047,-0.160804
-0.132000066047,-0.241206
-0.131500066047,-0.160804
-0.131000066047,-0.241206
-0.130500066047,-0.241206
-0.130000066047,-0.241206
-0.129500066047,-0.160804
-0.129000066047,-0.160804
-0.128500066047,-0.160804
-0.128000066047,-0.160804
-0.127500066047,-0.160804
-0.127000066047,-0.160804
-0.126500066047,-0.160804
-0.126000066047,-0.160804
-0.125500066047,-0.160804
-0.125000066047,-0.160804
-0.124500066047,-0.160804
-0.124000066047,-0.160804
-0.123500066047,-0.160804
-0.123000066047,-0.241206
-0.122500066047,-0.160804
-0.122000066047,-0.241206
-0.121500066047,-0.241206
-0.121000066047,-0.160804
-0.120500066047,-0.241206
-0.120000066047,-0.241206
-0.119500066047,-0.160804
-0.119000066047,-0.160804
-0.118500066047,-0.160804
-0.118000066047,-0.241206
-0.117500066047,-0.160804
-0.117000066047,-0.160804
-0.116500066047,-0.241206
-0.116000066047,-0.160804
-0.115500066047,-0.241206
-0.115000066047,-0.160804
-0.114500066047,-0.241206
-0.114000066047,-0.241206
-0.113500066047,-0.160804
-0.113000066047,-0.241206
-0.112500066047,-0.241206
-0.112000066047,-0.241206
-0.111500066047,-0.241206
-0.111000066047,-0.241206
-0.110500066047,-0.241206
-0.110000066047,-0.160804
-0.109500066047,-0.241206
-0.109000066047,-0.241206
-0.108500066047,-0.241206
-0.108000066047,-0.160804
-0.107500066047,-0.160804
-0.107000066047,-0.160804
-0.106500066047,-0.241206
-0.106000066047,-0.241206
-0.105500066047,-0.160804
-0.105000066047,-0.241206
-0.104500066047,-0.160804
-0.104000066047,-0.160804
-0.103500066047,-0.241206
-0.103000066047,-0.160804
-0.102500066047,-0.241206
-0.102000066047,-0.241206
-0.101500066047,-0.160804
-0.101000066047,-0.241206
-0.100500066047,-0.241206
-0.100000066047,-0.160804
-0.0995000660466,-0.160804
-0.0990000660466,-0.241206
-0.0985000660466,-0.241206
-0.0980000660466,-0.160804
-0.0975000660466,-0.160804
-0.0970000660466,-0.241206
-0.0965000660466,-0.160804
-0.0960000660466,-0.160804
-0.0955000660466,-0.241206
-0.0950000660466,-0.160804
-0.0945000660466,-0.160804
-0.0940000660466,-0.241206
-0.0935000660466,-0.160804
-0.0930000660466,-0.241206
-0.0925000660466,-0.160804
-0.0920000660466,-0.160804
-0.0915000660466,-0.241206
-0.0910000660466,-0.241206
-0.0905000660466,-0.241206
-0.0900000660466,-0.241206
-0.0895000660466,-0.160804
-0.0890000660466,-0.241206
-0.0885000660466,-0.241206
-0.0880000660466,-0.241206
-0.0875000660466,-0.160804
-0.0870000660466,-0.241206
-0.0865000660466,-0.160804
-0.0860000660466,-0.241206
-0.0855000660466,-0.160804
-0.0850000660466,-0.160804
-0.0845000660466,-0.241206
-0.0840000660466,-0.241206
-0.0835000660466,-0.241206
-0.0830000660466,-0.160804
-0.0825000660466,-0.241206
-0.0820000660466,-0.160804
-0.0815000660466,-0.160804
-0.0810000660466,-0.160804
-0.0805000660466,-0.160804
-0.0800000660466,-0.160804
-0.0795000660466,-0.241206
-0.0790000660466,-0.241206
-0.0785000660466,-0.160804
-0.0780000660466,-0.160804
-0.0775000660466,-0.241206
-0.0770000660466,-0.241206
-0.0765000660466,-0.160804
-0.0760000660466,-0.241206
-0.0755000660466,-0.160804
-0.0750000660466,-0.160804
-0.0745000660466,-0.160804
-0.0740000660466,-0.160804
-0.0735000660466,-0.241206
-0.0730000660466,-0.160804
-0.0725000660466,-0.241206
-0.0720000660466,-0.160804
-0.0715000660466,-0.160804
-0.0710000660466,-0.241206
-0.0705000660466,-0.241206
-0.0700000660466,-0.160804
-0.0695000660466,-0.160804
-0.0690000660466,-0.160804
-0.0685000660466,-0.160804
-0.0680000660466,-0.241206
-0.0675000660466,-0.160804
-0.0670000660466,-0.241206
-0.0665000660466,-0.241206
-0.0660000660466,-0.160804
-0.0655000660466,-0.160804
-0.0650000660466,-0.241206
-0.0645000660466,-0.160804
-0.0640000660466,-0.160804
-0.0635000660466,-0.160804
-0.0630000660466,-0.241206
-0.0625000660466,-0.160804
-0.0620000660466,-0.160804
-0.0615000660466,-0.241206
-0.0610000660466,-0.241206
-0.0605000660466,-0.160804
-0.0600000660466,-0.160804
-0.0595000660466,-0.241206
-0.0590000660466,-0.160804
-0.0585000660466,-0.160804
-0.0580000660466,-0.160804
-0.0575000660466,-0.160804
-0.0570000660466,-0.080402
-0.0565000660466,-0.160804
-0.0560000660466,-0.160804
-0.0555000660466,-0.160804
-0.0550000660466,-0.160804
-0.0545000660466,-0.160804
-0.0540000660466,-0.160804
-0.0535000660466,-0.080402
-0.0530000660466,-0.160804
-0.0525000660466,-0.160804
-0.0520000660466,-0.160804
-0.0515000660466,-0.080402
-0.0510000660466,-0.160804
-0.0505000660466,-0.160804
-0.0500000660466,-0.080402
-0.0495000660466,-0.160804
-0.0490000660466,-0.160804
-0.0485000660466,-0.080402
-0.0480000660466,-0.160804
-0.0475000660466,-0.160804
-0.0470000660466,-0.160804
-0.0465000660466,-0.080402
-0.0460000660466,-0.160804
-0.0455000660466,-0.080402
-0.0450000660466,-0.080402
-0.0445000660466,-0.080402
-0.0440000660466,-0.080402
-0.0435000660466,-0.080402
-0.0430000660466,-0.080402
-0.0425000660466,-0.160804
-0.0420000660466,-0.160804
-0.0415000660466,-0.080402
-0.0410000660466,-0.080402
-0.0405000660466,-0.080402
-0.0400000660466,-0.080402
-0.0395000660466,-0.080402
-0.0390000660466,-0.080402
-0.0385000660466,-0.080402
-0.0380000660466,-0.080402
-0.0375000660466,-0.080402
-0.0370000660466,-0.080402
-0.0365000660466,-0.080402
-0.0360000660466,-0.080402
-0.0355000660466,-0.080402
-0.0350000660466,-0.080402
-0.0345000660466,0
-0.0340000660466,-0.080402
-0.0335000660466,-0.080402
-0.0330000660466,0
-0.0325000660466,-0.080402
-0.0320000660466,0
-0.0315000660466,-0.080402
-0.0310000660466,-0.080402
-0.0305000660466,-0.080402
-0.0300000660466,-0.080402
-0.0295000660466,-0.080402
-0.0290000660466,-0.080402
-0.0285000660466,-0.080402
-0.0280000660466,-0.080402
-0.0275000660466,-0.080402
-0.0270000660466,-0.080402
-0.0265000660466,-0.080402
-0.0260000660466,-0.080402
-0.0255000660466,-0.080402
-0.0250000660466,-0.080402
-0.0245000660466,-0.080402
-0.0240000660466,-0.080402
-0.0235000660466,-0.080402
-0.0230000660466,-0.080402
-0.0225000660466,-0.080402
-0.0220000660466,-0.080402
-0.0215000660466,-0.080402
-0.0210000660466,-0.080402
-0.0205000660466,-0.080402
-0.0200000660466,-0.080402
-0.0195000660466,-0.080402
-0.0190000660466,-0.080402
-0.0185000660466,-0.080402
-0.0180000660466,-0.080402
-0.0175000660466,-0.160804
-0.0170000660466,-0.160804
-0.0165000660466,-0.160804
-0.0160000660466,-0.080402
-0.0155000660466,-0.241206
-0.0150000660466,-0.40201
-0.0145000660466,-0.723618
-0.0140000660466,-1.04523
-0.0135000660466,-1.44724
-0.0130000660466,-1.84925
-0.0125000660466,-2.17085
-0.0120000660466,-2.25126
-0.0115000660466,-2.41206
-0.0110000660466,-2.49246
-0.0105000660466,-2.49246
-0.0100000660466,-2.49246
-0.00950006604656,-2.49246
-0.00900006604656,-2.49246
-0.00850006604656,-2.49246
-0.00800006604656,-2.49246
-0.00750006604656,-2.49246
-0.00700006604656,-2.49246
-0.00650006604656,-2.49246
-0.00600006604656,-2.49246
-0.00550006604656,-2.41206
-0.00500006604656,-2.49246
-0.00450006604656,-2.49246
-0.00400006604656,-2.57286
-0.00350006604656,-2.49246
-0.00300006604656,-2.49246
-0.00250006604656,-2.57286
-0.00200006604656,-2.65327
-0.00150006604656,-2.57286
-0.00100006604656,-2.25126
-0.000500066046562,-1.68844
-6.60465624414e-008,-1.04523
0.000499933953438,-0.482412
0.000999933953438,-0.241206
0.00149993395344,-0.080402
0.00199993395344,-0.080402
0.00249993395344,-0.080402
0.00299993395344,-0.080402
0.00349993395344,-0.080402
0.00399993395344,-0.160804
0.00449993395344,-0.080402
0.00499993395344,-0.080402
0.00549993395344,-0.080402
0.00599993395344,-0.080402
0.00649993395344,-0.080402
0.00699993395344,-0.080402
0.00749993395344,-0.080402
0.00799993395344,-0.080402
0.00849993395344,-0.080402
0.00899993395344,-0.160804
0.00949993395344,-0.080402
0.00999993395344,-0.160804
0.0104999339534,-0.562814
0.0109999339534,-1.28643
0.0114999339534,-2.01005
0.0119999339534,-2.33166
0.0124999339534,-2.41206
0.0129999339534,-2.49246
0.0134999339534,-2.49246
0.0139999339534,-2.49246
0.0144999339534,-2.49246
0.0149999339534,-2.49246
0.0154999339534,-2.49246
0.0159999339534,-2.49246
0.0164999339534,-2.49246
0.0169999339534,-2.57286
0.0174999339534,-2.57286
0.0179999339534,-2.57286
0.0184999339534,-1.92965
0.0189999339534,-0.884422
0.0194999339534,-0.241206
0.0199999339534,-0.080402
0.0204999339534,-0.080402
0.0209999339534,0
0.0214999339534,-0.080402
0.0219999339534,-0.080402
0.0224999339534,-0.080402
0.0229999339534,-0.080402
0.0234999339534,-0.080402
0.0239999339534,-0.080402
0.0244999339534,-0.080402
0.0249999339534,-0.080402
0.0254999339534,-0.080402
0.0259999339534,-0.241206
0.0264999339534,-0.964824
0.0269999339534,-2.01005
0.0274999339534,-2.41206
0.0279999339534,-2.49246
0.0284999339534,-2.49246
0.0289999339534,-2.49246
0.0294999339534,-2.49246
0.0299999339534,-2.41206
0.0304999339534,-2.49246
0.0309999339534,-2.49246
0.0314999339534,-2.57286
0.0319999339534,-2.65327
0.0324999339534,-2.01005
0.0329999339534,-0.723618
0.0334999339534,-0.160804
0.0339999339534,-0.080402
0.0344999339534,-0.080402
0.0349999339534,-0.080402
0.0354999339534,-0.080402
0.0359999339534,0
0.0364999339534,-0.080402
0.0369999339534,-0.080402
0.0374999339534,-0.080402
0.0379999339534,-0.080402
0.0384999339534,-0.080402
0.0389999339534,-0.321608
0.0394999339534,-1.44724
0.0399999339534,-2.33166
0.0404999339534,-2.41206
0.0409999339534,-2.49246
0.0414999339534,-2.49246
0.0419999339534,-2.49246
0.0424999339534,-2.49246
0.0429999339534,-2.49246
0.0434999339534,-2.57286
0.0439999339534,-2.65327
0.0444999339534,-2.57286
0.0449999339534,-1.52764
0.0454999339534,-0.40201
0.0459999339534,-0.160804
0.0464999339534,-0.160804
0.0469999339534,-0.080402
0.0474999339534,-0.080402
0.0479999339534,-0.080402
0.0484999339534,-0.080402
0.0489999339534,-0.080402
0.0494999339534,-0.080402
0.0499999339534,-0.080402
0.0504999339534,-0.160804
0.0509999339534,-0.321608
0.0514999339534,-1.36683
0.0519999339534,-2.25126
0.0524999339534,-2.41206
0.0529999339534,-2.49246
0.0534999339534,-2.49246
0.0539999339534,-2.49246
0.0544999339534,-2.49246
0.0549999339534,-2.41206
0.0554999339534,-2.49246
0.0559999339534,-2.65327
0.0564999339534,-2.57286
0.0569999339534,-1.44724
0.0574999339534,-0.40201
0.0579999339534,-0.160804
0.0584999339534,-0.080402
0.0589999339534,-0.080402
0.0594999339534,-0.080402
0.0599999339534,-0.080402
0.0604999339534,-0.080402
0.0609999339534,-0.080402
0.0614999339534,-0.080402
0.0619999339534,0
0.0624999339534,-0.080402
0.0629999339534,-0.080402
0.0634999339534,-0.080402
0.0639999339534,-0.080402
0.0644999339534,-0.080402
0.0649999339534,-0.160804
0.0654999339534,-0.160804
0.0659999339534,-0.723618
0.0664999339534,-1.84925
0.0669999339534,-2.33166
0.0674999339534,-2.41206
0.0679999339534,-2.49246
0.0684999339534,-2.49246
0.0689999339534,-2.41206
0.0694999339534,-2.49246
0.0699999339534,-2.49246
0.0704999339534,-2.49246
0.0709999339534,-2.57286
0.0714999339534,-2.65327
0.0719999339534,-2.57286
0.0724999339534,-1.76884
0.0729999339534,-0.562814
0.0734999339534,-0.160804
0.0739999339534,-0.160804
0.0744999339534,-0.080402
0.0749999339534,-0.080402
0.0754999339534,-0.080402
0.0759999339534,-0.482412
0.0764999339534,-1.52764
0.0769999339534,-2.33166
0.0774999339534,-2.49246
0.0779999339534,-2.49246
0.0784999339534,-2.49246
0.0789999339534,-2.49246
0.0794999339534,-2.49246
0.0799999339534,-2.41206
0.0804999339534,-2.49246
0.0809999339534,-2.57286
0.0814999339534,-2.65327
0.0819999339534,-2.49246
0.0824999339534,-1.44724
0.0829999339534,-0.482412
0.0834999339534,-0.160804
0.0839999339534,-0.080402
0.0844999339534,-0.080402
0.0849999339534,-0.080402
0.0854999339534,-0.080402
0.0859999339534,0
0.0864999339534,-0.080402
0.0869999339534,-0.080402
0.0874999339534,0
0.0879999339534,-0.080402
0.0884999339534,-0.080402
0.0889999339534,-0.160804
0.0894999339534,-0.321608
0.0899999339534,-1.12563
0.0904999339534,-2.01005
0.0909999339534,-2.41206
0.0914999339534,-2.49246
0.0919999339534,-2.41206
0.0924999339534,-2.49246
0.0929999339534,-2.49246
0.0934999339534,-2.49246
0.0939999339534,-2.49246
0.0944999339534,-2.49246
0.0949999339534,-2.49246
0.0954999339534,-2.65327
0.0959999339534,-2.65327
0.0964999339534,-2.09045
0.0969999339534,-1.04523
0.0974999339534,-0.321608
0.0979999339534,-0.160804
0.0984999339534,-0.080402
0.0989999339534,-0.080402
0.0994999339534,-0.080402
0.0999999339534,-0.080402
0.100499933953,-0.080402
0.100999933953,-0.080402
0.101499933953,-0.080402
0.101999933953,-0.080402
0.102499933953,-0.080402
0.102999933953,-0.080402
0.103499933953,-0.080402
0.103999933953,-0.160804
0.104499933953,-0.241206
0.104999933953,-0.884422
0.105499933953,-1.76884
0.105999933953,-2.25126
0.106499933953,-2.41206
0.106999933953,-2.49246
0.107499933953,-2.49246
0.107999933953,-2.49246
0.108499933953,-2.49246
0.108999933953,-2.49246
0.109499933953,-2.41206
0.109999933953,-2.41206
0.110499933953,-2.57286
0.110999933953,-2.57286
0.111499933953,-2.57286
0.111999933953,-2.57286
0.112499933953,-2.25126
0.112999933953,-1.36683
0.113499933953,-0.482412
0.113999933953,-0.160804
0.114499933953,-0.160804
0.114999933953,-0.080402
0.115499933953,0
0.115999933953,-0.080402
0.116499933953,-0.080402
0.116999933953,-0.080402
0.117499933953,-0.080402
0.117999933953,-0.080402
0.118499933953,-0.080402
0.118999933953,-0.080402
0.119499933953,-0.080402
0.119999933953,-0.080402
0.120499933953,-0.080402
0.120999933953,-0.160804
0.121499933953,-0.080402
0.121999933953,-0.321608
0.122499933953,-0.884422
0.122999933953,-1.68844
0.123499933953,-2.25126
0.123999933953,-2.41206
0.124499933953,-2.41206
0.124999933953,-2.49246
0.125499933953,-2.49246
0.125999933953,-2.49246
0.126499933953,-2.49246
0.126999933953,-2.49246
0.127499933953,-2.41206
0.127999933953,-2.49246
0.128499933953,-2.49246
0.128999933953,-2.49246
0.129499933953,-2.49246
0.129999933953,-2.57286
0.130499933953,-2.65327
0.130999933953,-2.41206
0.131499933953,-1.76884
0.131999933953,-0.964824
0.132499933953,-0.482412
0.132999933953,-0.160804
0.133499933953,-0.080402
0.133999933953,-0.080402
0.134499933953,-0.080402
0.134999933953,0
0.135499933953,-0.080402
0.135999933953,-0.080402
0.136499933953,0
0.136999933953,-0.080402
0.137499933953,-0.080402
0.137999933953,-0.080402
0.138499933953,0
0.138999933953,0
0.139499933953,-0.080402
0.139999933953,-0.080402
0.140499933953,-0.080402
0.140999933953,-0.080402
0.141499933953,-0.160804
0.141999933953,-0.080402
0.142499933953,-0.40201
0.142999933953,-0.80402
0.143499933953,-1.44724
0.143999933953,-2.01005
0.144499933953,-2.33166
0.144999933953,-2.41206
0.145499933953,-2.49246
0.145999933953,-2.49246
0.146499933953,-2.49246
0.146999933953,-2.41206
0.147499933953,-2.49246
0.147999933953,-2.49246
0.148499933953,-2.49246
0.148999933953,-2.49246
0.149499933953,-2.49246
0.149999933953,-2.49246
0.150499933953,-2.49246
0.150999933953,-2.49246
0.151499933953,-2.57286
0.151999933953,-2.57286
0.152499933953,-2.65327
0.152999933953,-2.65327
0.153499933953,-2.33166
0.153999933953,-1.84925
0.154499933953,-1.12563
0.154999933953,-0.643216
0.155499933953,-0.321608
0.155999933953,-0.160804
0.156499933953,-0.080402
0.156999933953,-0.080402
0.157499933953,-0.080402
0.157999933953,-0.080402
0.158499933953,-0.080402
0.158999933953,-0.080402
0.159499933953,-0.080402
0.159999933953,-0.080402
0.160499933953,-0.080402
0.160999933953,-0.080402
0.161499933953,-0.080402
0.161999933953,-0.080402
0.162499933953,-0.080402
0.162999933953,-0.080402
0.163499933953,-0.080402
0.163999933953,-0.080402
0.164499933953,-0.080402
0.164999933953,-0.080402
0.165499933953,-0.080402
0.165999933953,-0.080402
0.166499933953,-0.160804
0.166999933953,-0.160804
0.167499933953,-0.160804
0.167999933953,-0.241206
0.168499933953,-0.482412
0.168999933953,-0.884422
0.169499933953,-1.36683
0.169999933953,-1.84925
0.170499933953,-2.17085
0.170999933953,-2.33166
0.171499933953,-2.33166
0.171999933953,-2.41206
0.172499933953,-2.41206
0.172999933953,-2.41206
0.173499933953,-2.49246
0.173999933953,-2.49246
0.174499933953,-2.49246
0.174999933953,-2.49246
0.175499933953,-2.49246
0.175999933953,-2.49246
0.176499933953,-2.49246
0.176999933953,-2.49246
0.177499933953,-2.49246
0.177999933953,-2.49246
0.178499933953,-2.41206
0.178999933953,-2.41206
0.179499933953,-2.49246
0.179999933953,-2.49246
0.180499933953,-2.49246
0.180999933953,-2.57286
0.181499933953,-2.57286
0.181999933953,-2.57286
0.182499933953,-2.65327
0.182999933953,-2.65327
0.183499933953,-2.65327
0.183999933953,-2.49246
0.184499933953,-2.25126
0.184999933953,-1.92965
0.185499933953,-1.44724
0.185999933953,-1.04523
0.186499933953,-0.723618
0.186999933953,-0.482412
0.187499933953,-0.321608
0.187999933953,-0.241206
0.188499933953,-0.160804
0.188999933953,-0.160804
0.189499933953,-0.080402
0.189999933953,-0.080402
0.190499933953,-0.080402
0.190999933953,-0.080402
0.191499933953,-0.080402
0.191999933953,-0.080402
0.192499933953,-0.080402
0.192999933953,-0.080402
0.193499933953,-0.080402
0.193999933953,-0.080402
0.194499933953,-0.080402
0.194999933953,-0.080402
0.195499933953,-0.080402
0.195999933953,-0.080402
0.196499933953,-0.080402
0.196999933953,-0.080402
0.197499933953,-0.080402
0.197999933953,-0.080402
0.198499933953,-0.080402
0.198999933953,0
0.199499933953,-0.080402
0.199999933953,-0.080402
0.200499933953,-0.080402
0.200999933953,-0.080402
0.201499933953,-0.080402
0.201999933953,0
0.202499933953,-0.080402
0.202999933953,-0.080402
0.203499933953,-0.080402
0.203999933953,-0.160804
0.204499933953,-0.080402
0.204999933953,-0.080402
0.205499933953,-0.080402
0.205999933953,-0.080402
0.206499933953,-0.080402
0.206999933953,-0.160804
0.207499933953,-0.080402
0.207999933953,-0.080402
0.208499933953,-0.160804
0.208999933953,-0.080402
0.209499933953,-0.080402
0.209999933953,-0.080402
0.210499933953,-0.080402
0.210999933953,-0.080402
0.211499933953,-0.160804
0.211999933953,-0.241206
0.212499933953,-0.321608
0.212999933953,-0.40201
0.213499933953,-0.562814
0.213999933953,-0.723618
0.214499933953,-0.884422
0.214999933953,-1.04523
0.215499933953,-1.28643
0.215999933953,-1.44724
0.216499933953,-1.60804
0.216999933953,-1.84925
0.217499933953,-1.92965
0.217999933953,-2.09045
0.218499933953,-2.17085
0.218999933953,-2.25126
0.219499933953,-2.33166
0.219999933953,-2.33166
0.220499933953,-2.41206
0.220999933953,-2.33166
0.221499933953,-2.41206
0.221999933953,-2.41206
0.222499933953,-2.41206
0.222999933953,-2.41206
0.223499933953,-2.49246
0.223999933953,-2.41206
0.224499933953,-2.49246
0.224999933953,-2.49246
0.225499933953,-2.49246
0.225999933953,-2.49246
0.226499933953,-2.49246
0.226999933953,-2.49246
0.227499933953,-2.41206
0.227999933953,-2.49246
0.228499933953,-2.49246
0.228999933953,-2.57286
0.229499933953,-2.49246
0.229999933953,-2.49246
0.230499933953,-2.49246
0.230999933953,-2.49246
0.231499933953,-2.49246
0.231999933953,-2.49246
0.232499933953,-2.49246
0.232999933953,-2.49246
0.233499933953,-2.49246
0.233999933953,-2.41206
0.234499933953,-2.49246
0.234999933953,-2.49246
0.235499933953,-2.49246
0.235999933953,-2.49246
0.236499933953,-2.41206
0.236999933953,-2.49246
0.237499933953,-2.49246
0.237999933953,-2.49246
0.238499933953,-2.49246
0.238999933953,-2.41206
0.239499933953,-2.41206
0.239999933953,-2.49246
0.240499933953,-2.49246
0.240999933953,-2.49246
0.241499933953,-2.49246
0.241999933953,-2.41206
0.242499933953,-2.49246
0.242999933953,-2.49246
0.243499933953,-2.49246
0.243999933953,-2.49246
0.244499933953,-2.49246
0.244999933953,-2.41206
0.245499933953,-2.41206
0.245999933953,-2.49246
0.246499933953,-2.41206
0.246999933953,-2.41206
0.247499933953,-2.49246
0.247999933953,-2.49246
0.248499933953,-2.49246
0.248999933953,-2.49246
0.249499933953,-2.49246
0.249999933953,-2.49246
0.250499933953,-2.49246
0.250999933953,-2.49246
0.251499933953,-2.57286
0.251999933953,-2.49246
0.252499933953,-2.49246
0.252999933953,-2.49246
0.253499933953,-2.49246
0.253999933953,-2.49246
0.254499933953,-2.49246
0.254999933953,-2.57286
0.255499933953,-2.49246
0.255999933953,-2.49246
0.256499933953,-2.49246
0.256999933953,-2.57286
0.257499933953,-2.57286
0.257999933953,-2.57286
0.258499933953,-2.49246
0.258999933953,-2.49246
0.259499933953,-2.57286
0.259999933953,-2.57286
0.260499933953,-2.57286
0.260999933953,-2.57286
0.261499933953,-2.57286
0.261999933953,-2.57286
0.262499933953,-2.65327
0.262999933953,-2.57286
0.263499933953,-2.57286
0.263999933953,-2.57286
0.264499933953,-2.57286
0.264999933953,-2.57286
0.265499933953,-2.57286
0.265999933953,-2.57286
0.266499933953,-2.57286
0.266999933953,-2.57286
0.267499933953,-2.65327
0.267999933953,-2.57286
0.268499933953,-2.57286
0.268999933953,-2.57286
0.269499933953,-2.57286
0.269999933953,-2.57286
0.270499933953,-2.65327
0.270999933953,-2.65327
0.271499933953,-2.57286
0.271999933953,-2.65327
0.272499933953,-2.65327
0.272999933953,-2.57286
0.273499933953,-2.57286
0.273999933953,-2.65327
0.274499933953,-2.57286
0.274999933953,-2.57286
0.275499933953,-2.65327
0.275999933953,-2.57286
0.276499933953,-2.65327
0.276999933953,-2.57286
0.277499933953,-2.57286
0.277999933953,-2.57286
0.278499933953,-2.57286
0.278999933953,-2.65327
0.279499933953,-2.57286
0.279999933953,-2.57286
0.280499933953,-2.65327
0.280999933953,-2.57286
0.281499933953,-2.57286
0.281999933953,-2.57286
0.282499933953,-2.57286
0.282999933953,-2.57286
0.283499933953,-2.57286
0.283999933953,-2.57286
0.284499933953,-2.57286
0.284999933953,-2.57286
0.285499933953,-2.57286
0.285999933953,-2.57286
0.286499933953,-2.57286
0.286999933953,-2.57286
0.287499933953,-2.57286
0.287999933953,-2.57286
0.288499933953,-2.57286
0.288999933953,-2.57286
0.289499933953,-2.57286
0.289999933953,-2.57286
0.290499933953,-2.57286
0.290999933953,-2.57286
0.291499933953,-2.57286
0.291999933953,-2.57286
0.292499933953,-2.57286
0.292999933953,-2.57286
0.293499933953,-2.57286
0.293999933953,-2.57286
0.294499933953,-2.57286
0.294999933953,-2.57286
0.295499933953,-2.49246
0.295999933953,-2.57286
0.296499933953,-2.49246
0.296999933953,-2.57286
0.297499933953,-2.57286
0.297999933953,-2.57286
0.298499933953,-2.57286
0.298999933953,-2.49246
0.299499933953,-2.57286
0.299999933953,-2.49246
0.300499933953,-2.57286
0.300999933953,-2.57286
0.301499933953,-2.49246
0.301999933953,-2.49246
0.302499933953,-2.57286
0.302999933953,-2.57286
0.303499933953,-2.49246
0.303999933953,-2.57286
0.304499933953,-2.49246
0.304999933953,-2.57286
0.305499933953,-2.49246
0.305999933953,-2.49246
0.306499933953,-2.49246
0.306999933953,-2.49246
0.307499933953,-2.57286
0.307999933953,-2.49246
0.308499933953,-2.57286
0.308999933953,-2.49246
0.309499933953,-2.57286
0.309999933953,-2.57286
0.310499933953,-2.49246
0.310999933953,-2.57286
0.311499933953,-2.49246
0.311999933953,-2.57286
0.312499933953,-2.57286
0.312999933953,-2.49246
0.313499933953,-2.57286
0.313999933953,-2.49246
0.314499933953,-2.49246
0.314999933953,-2.49246
0.315499933953,-2.57286
0.315999933953,-2.49246
0.316499933953,-2.49246
0.316999933953,-2.49246
0.317499933953,-2.49246
0.317999933953,-2.49246
0.318499933953,-2.49246
0.318999933953,-2.57286
0.319499933953,-2.49246
0.319999933953,-2.49246
0.320499933953,-2.57286
0.320999933953,-2.57286
0.321499933953,-2.49246
0.321999933953,-2.49246
0.322499933953,-2.49246
0.322999933953,-2.49246
0.323499933953,-2.49246
0.323999933953,-2.57286
0.324499933953,-2.49246
0.324999933953,-2.49246
0.325499933953,-2.57286
0.325999933953,-2.49246
0.326499933953,-2.49246
0.326999933953,-2.57286
0.327499933953,-2.49246
0.327999933953,-2.49246
0.328499933953,-2.49246
0.328999933953,-2.49246
0.329499933953,-2.57286
0.329999933953,-2.57286
0.330499933953,-2.49246
0.330999933953,-2.49246
0.331499933953,-2.49246
0.331999933953,-2.49246
0.332499933953,-2.49246
0.332999933953,-2.57286
0.333499933953,-2.57286
0.333999933953,-2.57286
0.334499933953,-2.49246
0.334999933953,-2.57286
0.335499933953,-2.57286
0.335999933953,-2.57286
0.336499933953,-2.49246
0.336999933953,-2.49246
0.337499933953,-2.57286
0.337999933953,-2.49246
0.338499933953,-2.49246
0.338999933953,-2.49246
0.339499933953,-2.57286
0.339999933953,-2.57286
0.340499933953,-2.57286
0.340999933953,-2.49246
0.341499933953,-2.57286
0.341999933953,-2.57286
0.342499933953,-2.57286
0.342999933953,-2.49246
0.343499933953,-2.49246
0.343999933953,-2.49246
0.344499933953,-2.57286
0.344999933953,-2.49246
0.345499933953,-2.49246
0.345999933953,-2.57286
0.346499933953,-2.57286
0.346999933953,-2.49246
0.347499933953,-2.49246
0.347999933953,-2.57286
0.348499933953,-2.57286
0.348999933953,-2.49246
0.349499933953,-2.57286
0.349999933953,-2.57286
0.350499933953,-2.49246
0.350999933953,-2.49246
0.351499933953,-2.49246
0.351999933953,-2.49246
0.352499933953,-2.49246
0.352999933953,-2.57286
0.353499933953,-2.57286
0.353999933953,-2.49246
0.354499933953,-2.57286
0.354999933953,-2.57286
0.355499933953,-2.49246
0.355999933953,-2.57286
0.356499933953,-2.49246
0.356999933953,-2.57286
0.357499933953,-2.49246
0.357999933953,-2.49246
0.358499933953,-2.49246
0.358999933953,-2.49246
0.359499933953,-2.49246
0.359999933953,-2.57286
0.360499933953,-2.57286
0.360999933953,-2.57286
0.361499933953,-2.49246
0.361999933953,-2.49246
0.362499933953,-2.57286
0.362999933953,-2.57286
0.363499933953,-2.57286
0.363999933953,-2.57286
0.364499933953,-2.57286
0.364999933953,-2.57286
0.365499933953,-2.49246
0.365999933953,-2.49246
0.366499933953,-2.57286
0.366999933953,-2.49246
0.367499933953,-2.57286
0.367999933953,-2.49246
0.368499933953,-2.49246
0.368999933953,-2.57286
0.369499933953,-2.57286
0.369999933953,-2.57286
0.370499933953,-2.57286
0.370999933953,-2.57286
0.371499933953,-2.49246
0.371999933953,-2.57286
0.372499933953,-2.57286
0.372999933953,-2.57286
0.373499933953,-2.49246
0.373999933953,-2.57286
0.374499933953,-2.49246
0.374999933953,-2.57286
0.375499933953,-2.49246
0.375999933953,-2.49246
0.376499933953,-2.49246
0.376999933953,-2.49246
0.377499933953,-2.49246
0.377999933953,-2.49246
0.378499933953,-2.49246
0.378999933953,-2.49246
0.379499933953,-2.49246
0.379999933953,-2.49246
0.380499933953,-2.57286
0.380999933953,-2.49246
0.381499933953,-2.49246
0.381999933953,-2.57286
0.382499933953,-2.57286
0.382999933953,-2.49246
0.383499933953,-2.57286
0.383999933953,-2.49246
0.384499933953,-2.57286
0.384999933953,-2.57286
0.385499933953,-2.49246
0.385999933953,-2.49246
0.386499933953,-2.49246
0.386999933953,-2.57286
0.387499933953,-2.49246
0.387999933953,-2.49246
0.388499933953,-2.57286
0.388999933953,-2.57286
0.389499933953,-2.57286
0.389999933953,-2.57286
0.390499933953,-2.49246
0.390999933953,-2.49246
0.391499933953,-2.49246
0.391999933953,-2.49246
0.392499933953,-2.57286
0.392999933953,-2.49246
0.393499933953,-2.57286
0.393999933953,-2.49246
0.394499933953,-2.49246
0.394999933953,-2.49246
0.395499933953,-2.57286
0.395999933953,-2.49246
0.396499933953,-2.57286
0.396999933953,-2.57286
0.397499933953,-2.57286
0.397999933953,-2.57286
0.398499933953,-2.49246
0.398999933953,-2.49246
0.399499933953,-2.57286
0.399999933953,-2.49246
0.400499933953,-2.49246
0.400999933953,-2.57286
0.401499933953,-2.57286
0.401999933953,-2.49246
0.402499933953,-2.57286
0.402999933953,-2.49246
0.403499933953,-2.49246
0.403999933953,-2.49246
0.404499933953,-2.57286
0.404999933953,-2.49246
0.405499933953,-2.49246
0.405999933953,-2.49246
0.406499933953,-2.49246
0.406999933953,-2.49246
0.407499933953,-2.49246
0.407999933953,-2.57286
0.408499933953,-2.57286
0.408999933953,-2.57286
0.409499933953,-2.57286
0.409999933953,-2.57286
0.410499933953,-2.49246
0.410999933953,-2.49246
0.411499933953,-2.57286
0.411999933953,-2.57286
0.412499933953,-2.49246
0.412999933953,-2.57286
0.413499933953,-2.49246
0.413999933953,-2.49246
0.414499933953,-2.49246
0.414999933953,-2.49246
0.415499933953,-2.49246
0.415999933953,-2.57286
0.416499933953,-2.49246
0.416999933953,-2.49246
0.417499933953,-2.57286
0.417999933953,-2.57286
0.418499933953,-2.57286
0.418999933953,-2.49246
0.419499933953,-2.57286
0.419999933953,-2.49246
0.420499933953,-2.49246
0.420999933953,-2.57286
0.421499933953,-2.49246
0.421999933953,-2.49246
0.422499933953,-2.57286
0.422999933953,-2.49246
0.423499933953,-2.49246
0.423999933953,-2.57286
0.424499933953,-2.57286
0.424999933953,-2.57286
0.425499933953,-2.49246
0.425999933953,-2.57286
0.426499933953,-2.49246
0.426999933953,-2.57286
0.427499933953,-2.49246
0.427999933953,-2.49246
0.428499933953,-2.49246
0.428999933953,-2.49246
0.429499933953,-2.49246
0.429999933953,-2.49246
0.430499933953,-2.57286
0.430999933953,-2.49246
0.431499933953,-2.57286
0.431999933953,-2.57286
0.432499933953,-2.49246
0.432999933953,-2.49246
0.433499933953,-2.57286
0.433999933953,-2.49246
0.434499933953,-2.49246
0.434999933953,-2.57286
0.435499933953,-2.49246
0.435999933953,-2.57286
0.436499933953,-2.49246
0.436999933953,-2.49246
0.437499933953,-2.57286
0.437999933953,-2.57286
0.438499933953,-2.49246
0.438999933953,-2.57286
0.439499933953,-2.57286
0.439999933953,-2.49246
0.440499933953,-2.57286
0.440999933953,-2.57286
0.441499933953,-2.49246
0.441999933953,-2.57286
0.442499933953,-2.57286
0.442999933953,-2.57286
0.443499933953,-2.49246
0.443999933953,-2.49246
0.444499933953,-2.49246
0.444999933953,-2.57286
0.445499933953,-2.57286
0.445999933953,-2.57286
0.446499933953,-2.57286
0.446999933953,-2.57286
0.447499933953,-2.57286
0.447999933953,-2.49246
0.448499933953,-2.49246
0.448999933953,-2.49246
0.449499933953,-2.57286
0.449999933953,-2.57286
0.450499933953,-2.57286
0.450999933953,-2.49246
0.451499933953,-2.49246
0.451999933953,-2.49246
0.452499933953,-2.49246
0.452999933953,-2.49246
0.453499933953,-2.57286
0.453999933953,-2.49246
0.454499933953,-2.49246
0.454999933953,-2.57286
0.455499933953,-2.49246
0.455999933953,-2.57286
0.456499933953,-2.57286
0.456999933953,-2.49246
0.457499933953,-2.49246
0.457999933953,-2.49246
0.458499933953,-2.57286
0.458999933953,-2.49246
0.459499933953,-2.49246
0.459999933953,-2.49246
0.460499933953,-2.57286
0.460999933953,-2.57286
0.461499933953,-2.57286
0.461999933953,-2.49246
0.462499933953,-2.49246
0.462999933953,-2.49246
0.463499933953,-2.49246
0.463999933953,-2.49246
0.464499933953,-2.57286
0.464999933953,-2.49246
0.465499933953,-2.57286
0.465999933953,-2.49246
0.466499933953,-2.49246
0.466999933953,-2.49246
0.467499933953,-2.57286
0.467999933953,-2.49246
0.468499933953,-2.57286
0.468999933953,-2.49246
0.469499933953,-2.49246
0.469999933953,-2.49246
0.470499933953,-2.57286
0.470999933953,-2.49246
0.471499933953,-2.57286
0.471999933953,-2.57286
0.472499933953,-2.57286
0.472999933953,-2.57286
0.473499933953,-2.57286
0.473999933953,-2.49246
0.474499933953,-2.49246
0.474999933953,-2.57286
0.475499933953,-2.49246
0.475999933953,-2.49246
0.476499933953,-2.49246
0.476999933953,-2.49246
0.477499933953,-2.49246
0.477999933953,-2.49246
0.478499933953,-2.49246
0.478999933953,-2.49246
0.479499933953,-2.57286
0.479999933953,-2.49246
0.480499933953,-2.49246
0.480999933953,-2.57286
0.481499933953,-2.49246
0.481999933953,-2.57286
0.482499933953,-2.49246
0.482999933953,-2.57286
0.483499933953,-2.57286
0.483999933953,-2.57286
0.484499933953,-2.57286
0.484999933953,-2.57286
0.485499933953,-2.57286
0.485999933953,-2.49246
0.486499933953,-2.49246
0.486999933953,-2.49246
0.487499933953,-2.49246
0.487999933953,-2.49246
0.488499933953,-2.57286
0.488999933953,-2.49246
0.489499933953,-2.49246
0.489999933953,-2.57286
0.490499933953,-2.57286
0.490999933953,-2.49246
0.491499933953,-2.49246
0.491999933953,-2.49246
0.492499933953,-2.57286
0.492999933953,-2.49246
0.493499933953,-2.49246
0.493999933953,-2.57286
0.494499933953,-2.57286
0.494999933953,-2.57286
0.495499933953,-2.57286
0.495999933953,-2.57286
0.496499933953,-2.49246
0.496999933953,-2.57286
0.497499933953,-2.57286
0.497999933953,-2.57286
0.498499933953,-2.57286
0.498999933953,-2.49246
0.499499933953,-2.49246